"","MAP_LABEL","GFE_ID","SYSTEM_SITE","GFE_TYPE","SPECIES_QUALIFIED","Y_LAT","X_LONGT","FAZ_ACRO","MAZ_ACRO","JAZ_ACRO","CU_NAME","CU_ACRO","CU_LAT","CU_LONGT","CU_TYPE","CU_INDEX","FULL_CU_IN","SBJ_ID","POP_ID","IS_INDICATOR","CMNTS","EFFECTIVE_DT","WATERSHED_CDE","NEWWATERSHEDCDE","FWA_WATERSHED_CDE"
"1",1,1336,"ATLEO RIVER","Stream","CK",49.36998292,-126.0578299,"WVI","WVI","WVI+WVI","WEST VANCOUVER ISLAND-SOUTH_FA_0.x","SWVI",49.02687599,-125.1496251,"Current","31","CK-31",5,41133,"N","Conservation Unit Data-Rev. 4.1f_20-Apr 2017 -",2011-03-08,"930-403700-00000-00000-0000-0000-000-000-000-000-000-000",9.3e+44,"930-400575-000000-000000-000000-000000-000000-000000-000000-000000-000000-000000-000000-000000-000000-000000-000000-000000-000000-000000-000000"
"2",2,1219,"AYUM CREEK","Stream","CK",48.39101649,-123.658999,"WVI","WVI","WVI+WVI","WEST VANCOUVER ISLAND-SOUTH_FA_0.x","SWVI",49.02687599,-125.1496251,"Current","31","CK-31",5,40133,"N","Conservation Unit Data-Rev. 4.1f_20-Apr 2017 -",2011-03-08,"930-020300-00000-00000-0000-0000-000-000-000-000-000-000",9.3e+44,"930-021209-000000-000000-000000-000000-000000-000000-000000-000000-000000-000000-000000-000000-000000-000000-000000-000000-000000-000000-000000"
"3",3,1327,"BEDWELL RIVER","Stream","CK",49.36314216,-125.7773368,"WVI","WVI","WVI+WVI","WEST VANCOUVER ISLAND-SOUTH_FA_0.x","SWVI",49.02687599,-125.1496251,"Current","31","CK-31",5,52318,"N","Conservation Unit Data-Rev. 4.1f_20-Apr 2017 -",2013-07-18,"930-355300-00000-00000-0000-0000-000-000-000-000-000-000",9.3e+44,"930-350962-000000-000000-000000-000000-000000-000000-000000-000000-000000-000000-000000-000000-000000-000000-000000-000000-000000-000000-000000"
"4",4,7990630,"BEDWELL SYSTEM","Stream","CK",49.38813873,-125.7604664,"WVI","WVI","WVI+WVI","WEST VANCOUVER ISLAND-SOUTH_FA_0.x","SWVI",49.02687599,-125.1496251,"Current","31","CK-31",5,45190,"Y","Conservation Unit Data-Rev. 4.1f_20-Apr 2017 -",2011-03-08,"930-355300-00000-00000-0000-0000-000-000-000-000-000-000",9.3e+44,"930-350962-000000-000000-000000-000000-000000-000000-000000-000000-000000-000000-000000-000000-000000-000000-000000-000000-000000-000000-000000"
"5",5,1247,"CAMPUS CREEK","Stream","CK",48.81385485,-124.6696168,"WVI","WVI","WVI+WVI","WEST VANCOUVER ISLAND-SOUTH_FA_0.x","SWVI",49.02687599,-125.1496251,"Current","31","CK-31",5,40408,"N","Conservation Unit Data-Rev. 4.1f_20-Apr 2017 -",2011-03-08,"930-071700-28000-00000-0000-0000-000-000-000-000-000-000",9.3e+44,"930-073434-283356-000000-000000-000000-000000-000000-000000-000000-000000-000000-000000-000000-000000-000000-000000-000000-000000-000000-000000"
"6",6,1281,"CANOE PASS CREEK","Stream","CK",48.95859255,-125.2188375,"WVI","WVI","WVI+WVI","WEST VANCOUVER ISLAND-SOUTH_FA_0.x","SWVI",49.02687599,-125.1496251,"Current","31","CK-31",5,40728,"N","Conservation Unit Data-Rev. 4.1f_20-Apr 2017 -",2011-03-08,"930-207400-00000-00000-0000-0000-000-000-000-000-000-000",9.3e+44,"930-201925-000000-000000-000000-000000-000000-000000-000000-000000-000000-000000-000000-000000-000000-000000-000000-000000-000000-000000-000000"
"7",7,1254,"CARNATION CREEK","Stream","CK",48.91505205,-125.0019866,"WVI","WVI","WVI+WVI","WEST VANCOUVER ISLAND-SOUTH_FA_0.x","SWVI",49.02687599,-125.1496251,"Current","31","CK-31",5,40478,"N","Conservation Unit Data-Rev. 4.1f_20-Apr 2017 -",2011-03-08,"930-112200-00000-00000-0000-0000-000-000-000-000-000-000",9.3e+44,"930-113555-000000-000000-000000-000000-000000-000000-000000-000000-000000-000000-000000-000000-000000-000000-000000-000000-000000-000000-000000"
"8",8,1285,"CATARACT CREEK","Stream","CK",49.01644822,-125.2782836,"WVI","WVI","WVI+WVI","WEST VANCOUVER ISLAND-SOUTH_FA_0.x","SWVI",49.02687599,-125.1496251,"Current","31","CK-31",5,40768,"N","Conservation Unit Data-Rev. 4.1f_20-Apr 2017 -",2011-03-08,"930-220100-00000-00000-0000-0000-000-000-000-000-000-000",9.3e+44,"930-214171-000000-000000-000000-000000-000000-000000-000000-000000-000000-000000-000000-000000-000000-000000-000000-000000-000000-000000-000000"
"9",9,1246,"CAYCUSE RIVER","Stream","CK",48.79649784,-124.6821431,"WVI","WVI","WVI+WVI","WEST VANCOUVER ISLAND-SOUTH_FA_0.x","SWVI",49.02687599,-125.1496251,"Current","31","CK-31",5,40398,"N","Conservation Unit Data-Rev. 4.1f_20-Apr 2017 -",2011-03-08,"930-071700-25700-00000-0000-0000-000-000-000-000-000-000",9.3e+44,"930-073434-258445-000000-000000-000000-000000-000000-000000-000000-000000-000000-000000-000000-000000-000000-000000-000000-000000-000000-000000"
"10",10,1224,"CHARTERS RIVER","Stream","CK",48.413573,-123.7118846,"WVI","WVI","WVI+WVI","WEST VANCOUVER ISLAND-SOUTH_FA_0.x","SWVI",49.02687599,-125.1496251,"Current","31","CK-31",5,40183,"N","Conservation Unit Data-Rev. 4.1f_20-Apr 2017 -",2011-03-08,"930-022100-16400-00000-0000-0000-000-000-000-000-000-000",9.3e+44,"930-023810-166984-000000-000000-000000-000000-000000-000000-000000-000000-000000-000000-000000-000000-000000-000000-000000-000000-000000-000000"
"11",11,1259,"CHINA CREEK","Stream","CK",49.15245577,-124.7870047,"WVI","WVI","WVI+WVI","WEST VANCOUVER ISLAND-SOUTH_FA_0.x","SWVI",49.02687599,-125.1496251,"Current","31","CK-31",5,40528,"N","Conservation Unit Data-Rev. 4.1f_20-Apr 2017 -",2011-03-08,"930-132300-00000-00000-0000-0000-000-000-000-000-000-000",9.3e+44,"930-133780-000000-000000-000000-000000-000000-000000-000000-000000-000000-000000-000000-000000-000000-000000-000000-000000-000000-000000-000000"
"12",12,1310,"CLAYOQUOT RIVER-LOWER","Stream Segment","CK",49.18247057,-125.5381223,"WVI","WVI","WVI+WVI","WEST VANCOUVER ISLAND-SOUTH_FA_0.x","SWVI",49.02687599,-125.1496251,"Current","31","CK-31",5,52153,"N","Conservation Unit Data-Rev. 4.1f_20-Apr 2017 -",2011-03-08,"930-306400-13900-00000-0000-0000-000-000-000-000-000-000",9.3e+44,"930-302211-132423-000000-000000-000000-000000-000000-000000-000000-000000-000000-000000-000000-000000-000000-000000-000000-000000-000000-000000"
"13",13,1311,"CLAYOQUOT RIVER-UPPER","Stream Segment","CK",49.20147402,-125.5123605,"WVI","WVI","WVI+WVI","WEST VANCOUVER ISLAND-SOUTH_FA_0.x","SWVI",49.02687599,-125.1496251,"Current","31","CK-31",5,52163,"N","Conservation Unit Data-Rev. 4.1f_20-Apr 2017 -",2011-03-08,"930-306400-13900-00000-0000-0000-000-000-000-000-000-000",9.3e+44,"930-302211-132423-000000-000000-000000-000000-000000-000000-000000-000000-000000-000000-000000-000000-000000-000000-000000-000000-000000-000000"
"14",14,2470,"CLEMENS CREEK","Stream","CK",49.13666162,-125.1371737,"WVI","WVI","WVI+WVI","WEST VANCOUVER ISLAND-SOUTH_FA_0.x","SWVI",49.02687599,-125.1496251,"Current","31","CK-31",5,131,"N","Conservation Unit Data-Rev. 4.1f_20-Apr 2017 -",2011-03-08,"930-162500-98800-00000-0000-0000-000-000-000-000-000-000",9.3e+44,"930-164367-991909-000000-000000-000000-000000-000000-000000-000000-000000-000000-000000-000000-000000-000000-000000-000000-000000-000000-000000"
"15",15,1278,"COEUR D'ALENE CREEK","Stream","CK",49.04557457,-125.1349595,"WVI","WVI","WVI+WVI","WEST VANCOUVER ISLAND-SOUTH_FA_0.x","SWVI",49.02687599,-125.1496251,"Current","31","CK-31",5,40698,"N","Conservation Unit Data-Rev. 4.1f_20-Apr 2017 -",2011-03-08,"930-193200-00000-00000-0000-0000-000-000-000-000-000-000",9.3e+44,"930-187551-000000-000000-000000-000000-000000-000000-000000-000000-000000-000000-000000-000000-000000-000000-000000-000000-000000-000000-000000"
"16",16,1257,"COLEMAN CREEK","Stream","CK",49.00292464,-124.8581158,"WVI","WVI","WVI+WVI","WEST VANCOUVER ISLAND-SOUTH_FA_0.x","SWVI",49.02687599,-125.1496251,"Current","31","CK-31",5,40508,"N","Conservation Unit Data-Rev. 4.1f_20-Apr 2017 -",2011-03-08,"930-124200-00000-00000-0000-0000-000-000-000-000-000-000",9.3e+44,"930-125279-000000-000000-000000-000000-000000-000000-000000-000000-000000-000000-000000-000000-000000-000000-000000-000000-000000-000000-000000"
"17",17,1255,"CONSINKA CREEK","Stream","CK",48.93495663,-124.9738698,"WVI","WVI","WVI+WVI","WEST VANCOUVER ISLAND-SOUTH_FA_0.x","SWVI",49.02687599,-125.1496251,"Current","31","CK-31",5,40488,"N","Conservation Unit Data-Rev. 4.1f_20-Apr 2017 -",2011-03-08,"930-117000-05400-00000-0000-0000-000-000-000-000-000-000",9.3e+44,"930-118343-058098-000000-000000-000000-000000-000000-000000-000000-000000-000000-000000-000000-000000-000000-000000-000000-000000-000000-000000"
"18",18,1267,"COUS CREEK","Stream","CK",49.18713676,-124.8347212,"WVI","WVI","WVI+WVI","WEST VANCOUVER ISLAND-SOUTH_FA_0.x","SWVI",49.02687599,-125.1496251,"Current","31","CK-31",5,40593,"N","Conservation Unit Data-Rev. 4.1f_20-Apr 2017 -",2011-03-08,"930-143000-00000-00000-0000-0000-000-000-000-000-000-000",9.3e+44,"930-144842-000000-000000-000000-000000-000000-000000-000000-000000-000000-000000-000000-000000-000000-000000-000000-000000-000000-000000-000000"
"19",19,1329,"CYPRE RIVER","Stream","CK",49.27577198,-125.9143178,"WVI","WVI","WVI+WVI","WEST VANCOUVER ISLAND-SOUTH_FA_0.x","SWVI",49.02687599,-125.1496251,"Current","31","CK-31",5,52338,"N","Conservation Unit Data-Rev. 4.1f_20-Apr 2017 -",2011-03-08,"930-368500-00000-00000-0000-0000-000-000-000-000-000-000",9.3e+44,"930-365210-000000-000000-000000-000000-000000-000000-000000-000000-000000-000000-000000-000000-000000-000000-000000-000000-000000-000000-000000"
"20",20,1222,"DE MAMIEL CREEK","Stream","CK",48.38989661,-123.7091215,"WVI","WVI","WVI+WVI","WEST VANCOUVER ISLAND-SOUTH_FA_0.x","SWVI",49.02687599,-125.1496251,"Current","31","CK-31",5,40163,"N","Conservation Unit Data-Rev. 4.1f_20-Apr 2017 -",2011-03-08,"930-022100-02800-00000-0000-0000-000-000-000-000-000-000",9.3e+44,"930-023810-032234-000000-000000-000000-000000-000000-000000-000000-000000-000000-000000-000000-000000-000000-000000-000000-000000-000000-000000"
"21",21,1264,"DEER CREEK","Stream","CK",49.33136147,-124.9149555,"WVI","WVI","WVI+WVI","WEST VANCOUVER ISLAND-SOUTH_FA_0.x","SWVI",49.02687599,-125.1496251,"Current","31","CK-31",5,40569,"N","Conservation Unit Data-Rev. 4.1f_20-Apr 2017 - CK-9001 deprecated and sites moved to CK-31 Feb13",2013-07-18,"930-137400-99500-08700-0000-0000-000-000-000-000-000-000",9.3e+44,"930-139262-993282-107938-000000-000000-000000-000000-000000-000000-000000-000000-000000-000000-000000-000000-000000-000000-000000-000000-000000"
"22",22,1243,"DOOBAH CREEK","Stream","CK",48.7390868,-124.7370338,"WVI","WVI","WVI+WVI","WEST VANCOUVER ISLAND-SOUTH_FA_0.x","SWVI",49.02687599,-125.1496251,"Current","31","CK-31",5,40373,"N","Conservation Unit Data-Rev. 4.1f_20-Apr 2017 -",2011-03-08,"930-071700-15800-00000-0000-0000-000-000-000-000-000-000",9.3e+44,"930-073434-165378-000000-000000-000000-000000-000000-000000-000000-000000-000000-000000-000000-000000-000000-000000-000000-000000-000000-000000"
"23",23,1266,"DRINKWATER CREEK","Stream","CK",49.39753916,-125.4153105,"WVI","WVI","WVI+WVI","WEST VANCOUVER ISLAND-SOUTH_FA_0.x","SWVI",49.02687599,-125.1496251,"Current","31","CK-31",5,40583,"N","Conservation Unit Data-Rev. 4.1f_20-Apr 2017 - CK-9001 deprecated and sites moved to CK-31 Feb13",2013-07-18,"930-137400-99500-78800-0000-0000-000-000-000-000-000-000",9.3e+44,"930-139262-993282-984566-000000-000000-000000-000000-000000-000000-000000-000000-000000-000000-000000-000000-000000-000000-000000-000000-000000"
"24",24,1279,"EFFINGHAM RIVER","Stream","CK",49.09466077,-125.1985534,"WVI","WVI","WVI+WVI","WEST VANCOUVER ISLAND-SOUTH_FA_0.x","SWVI",49.02687599,-125.1496251,"Current","31","CK-31",5,40708,"N","Conservation Unit Data-Rev. 4.1f_20-Apr 2017 -",2011-03-08,"930-196400-00000-00000-0000-0000-000-000-000-000-000-000",9.3e+44,"930-191124-000000-000000-000000-000000-000000-000000-000000-000000-000000-000000-000000-000000-000000-000000-000000-000000-000000-000000-000000"
"25",25,1258,"FRANKLIN RIVER","Stream","CK",49.10353005,-124.8157096,"WVI","WVI","WVI+WVI","WEST VANCOUVER ISLAND-SOUTH_FA_0.x","SWVI",49.02687599,-125.1496251,"Current","31","CK-31",5,40518,"N","Conservation Unit Data-Rev. 4.1f_20-Apr 2017 -",2011-03-08,"930-129400-00000-00000-0000-0000-000-000-000-000-000-000",9.3e+44,"930-130606-000000-000000-000000-000000-000000-000000-000000-000000-000000-000000-000000-000000-000000-000000-000000-000000-000000-000000-000000"
"26",26,1238,"GORDON RIVER","Stream","CK",48.57691049,-124.4145869,"WVI","WVI","WVI+WVI","WEST VANCOUVER ISLAND-SOUTH_FA_0.x","SWVI",49.02687599,-125.1496251,"Current","31","CK-31",5,40323,"N","Conservation Unit Data-Rev. 4.1f_20-Apr 2017 - rev.4/Dec2012/S. BaillieC-16s indicates that these systems have ""typical"" SWVI  timing; CK-30 deprecated and sites moved to CK-31, Feb13",2013-07-18,"930-054700-00000-00000-0000-0000-000-000-000-000-000-000",9.3e+44,"930-056675-000000-000000-000000-000000-000000-000000-000000-000000-000000-000000-000000-000000-000000-000000-000000-000000-000000-000000-000000"
"27",27,1235,"HARRIS CREEK","Stream","CK",48.58174373,-124.2750804,"WVI","WVI","WVI+WVI","WEST VANCOUVER ISLAND-SOUTH_FA_0.x","SWVI",49.02687599,-125.1496251,"Current","31","CK-31",5,40293,"N","Conservation Unit Data-Rev. 4.1f_20-Apr 2017 - rev.4/Dec2012/S. BaillieC-16s indicates that these systems have ""typical"" SWVI  timing; CK-30 deprecated and sites moved to CK-31, Feb13",2013-07-18,"930-053800-22100-00000-0000-0000-000-000-000-000-000-000",9.3e+44,"930-055749-213082-000000-000000-000000-000000-000000-000000-000000-000000-000000-000000-000000-000000-000000-000000-000000-000000-000000-000000"
"28",28,1273,"HENDERSON LAKE","Lake","CK",49.02059272,-125.0430033,"WVI","WVI","WVI+WVI","WEST VANCOUVER ISLAND-SOUTH_FA_0.x","SWVI",49.02687599,-125.1496251,"Current","31","CK-31",5,40648,"N","Conservation Unit Data-Rev. 4.1f_20-Apr 2017 -",2011-03-08,"930-162500-00000-00000-0000-0000-000-000-000-000-000-000",9.3e+44,"930-164367-000000-000000-000000-000000-000000-000000-000000-000000-000000-000000-000000-000000-000000-000000-000000-000000-000000-000000-000000"
"29",29,1343,"ICE RIVER","Stream","CK",49.47420999,-126.230643,"WVI","WVI","WVI+WVI","WEST VANCOUVER ISLAND-SOUTH_FA_0.x","SWVI",49.02687599,-125.1496251,"Current","31","CK-31",5,41198,"N","Conservation Unit Data-Rev. 4.1f_20-Apr 2017 -",2011-03-08,"930-426900-00000-00000-0000-0000-000-000-000-000-000-000",9.3e+44,"930-423523-000000-000000-000000-000000-000000-000000-000000-000000-000000-000000-000000-000000-000000-000000-000000-000000-000000-000000-000000"
"30",30,1294,"ITATSOO CREEK","Stream","CK",48.92742163,-125.5046496,"WVI","WVI","WVI+WVI","WEST VANCOUVER ISLAND-SOUTH_FA_0.x","SWVI",49.02687599,-125.1496251,"Current","31","CK-31",5,39588,"N","Conservation Unit Data-Rev. 4.1f_20-Apr 2017 -",2011-03-08,"930-239300-00000-00000-0000-0000-000-000-000-000-000-000",9.3e+44,"930-232561-000000-000000-000000-000000-000000-000000-000000-000000-000000-000000-000000-000000-000000-000000-000000-000000-000000-000000-000000"
"31",31,7990617,"KENNEDY LAKE FEEDER STREAMS","Stream","CK",49.12854126,-125.4353764,"WVI","WVI","WVI+WVI","WEST VANCOUVER ISLAND-SOUTH_FA_0.x","SWVI",49.02687599,-125.1496251,"Current","31","CK-31",5,52098,"N","Conservation Unit Data-Rev. 4.1f_20-Apr 2017 -",2011-03-08,"930-306400-00000-00000-0000-0000-000-000-000-000-000-000",9.3e+44,"930-302211-000000-000000-000000-000000-000000-000000-000000-000000-000000-000000-000000-000000-000000-000000-000000-000000-000000-000000-000000"
"32",32,1248,"KLANAWA RIVER","Stream","CK",48.69967858,-124.9481968,"WVI","WVI","WVI+WVI","WEST VANCOUVER ISLAND-SOUTH_FA_0.x","SWVI",49.02687599,-125.1496251,"Current","31","CK-31",5,40418,"N","Conservation Unit Data-Rev. 4.1f_20-Apr 2017 -",2011-03-08,"930-075500-00000-00000-0000-0000-000-000-000-000-000-000",9.3e+44,"930-077174-000000-000000-000000-000000-000000-000000-000000-000000-000000-000000-000000-000000-000000-000000-000000-000000-000000-000000-000000"
"33",33,1237,"LENS CREEK","Stream","CK",48.5869292,-124.2570604,"WVI","WVI","WVI+WVI","WEST VANCOUVER ISLAND-SOUTH_FA_0.x","SWVI",49.02687599,-125.1496251,"Current","31","CK-31",5,40313,"N","Conservation Unit Data-Rev. 4.1f_20-Apr 2017 - rev.4/Dec2012/S. BaillieC-16s indicates that these systems have ""typical"" SWVI  timing; CK-30 deprecated and sites moved to CK-31, Feb13",2013-07-18,"930-053800-25200-00000-0000-0000-000-000-000-000-000-000",9.3e+44,"930-055749-238722-000000-000000-000000-000000-000000-000000-000000-000000-000000-000000-000000-000000-000000-000000-000000-000000-000000-000000"
"34",34,1289,"LITTLE TOQUART CREEK","Stream","CK",49.04114114,-125.3613944,"WVI","WVI","WVI+WVI","WEST VANCOUVER ISLAND-SOUTH_FA_0.x","SWVI",49.02687599,-125.1496251,"Current","31","CK-31",5,39538,"N","Conservation Unit Data-Rev. 4.1f_20-Apr 2017 -",2011-03-08,"930-230500-03800-00000-0000-0000-000-000-000-000-000-000",9.3e+44,"930-223732-027604-000000-000000-000000-000000-000000-000000-000000-000000-000000-000000-000000-000000-000000-000000-000000-000000-000000-000000"
"35",35,1306,"LOWER KENNEDY RIVER","Stream Segment","CK",49.13683331,-125.6681491,"WVI","WVI","WVI+WVI","WEST VANCOUVER ISLAND-SOUTH_FA_0.x","SWVI",49.02687599,-125.1496251,"Current","31","CK-31",5,52118,"N","Conservation Unit Data-Rev. 4.1f_20-Apr 2017 -",2011-03-08,"930-306400-00000-00000-0000-0000-000-000-000-000-000-000",9.3e+44,"930-302211-000000-000000-000000-000000-000000-000000-000000-000000-000000-000000-000000-000000-000000-000000-000000-000000-000000-000000-000000"
"36",36,1287,"LUCKY CREEK","Stream","CK",49.02699593,-125.3051709,"WVI","WVI","WVI+WVI","WEST VANCOUVER ISLAND-SOUTH_FA_0.x","SWVI",49.02687599,-125.1496251,"Current","31","CK-31",5,40788,"N","Conservation Unit Data-Rev. 4.1f_20-Apr 2017 -",2011-03-08,"930-227800-00000-00000-0000-0000-000-000-000-000-000-000",9.3e+44,"930-221312-000000-000000-000000-000000-000000-000000-000000-000000-000000-000000-000000-000000-000000-000000-000000-000000-000000-000000-000000"
"37",37,1269,"MACKTUSH CREEK","Stream","CK",49.11134027,-124.8279749,"WVI","WVI","WVI+WVI","WEST VANCOUVER ISLAND-SOUTH_FA_0.x","SWVI",49.02687599,-125.1496251,"Current","31","CK-31",5,40608,"N","Conservation Unit Data-Rev. 4.1f_20-Apr 2017 -",2011-03-08,"930-147000-00000-00000-0000-0000-000-000-000-000-000-000",9.3e+44,"930-148806-000000-000000-000000-000000-000000-000000-000000-000000-000000-000000-000000-000000-000000-000000-000000-000000-000000-000000-000000"
"38",38,1290,"MAGGIE RIVER","Stream","CK",48.98569233,-125.3937891,"WVI","WVI","WVI+WVI","WEST VANCOUVER ISLAND-SOUTH_FA_0.x","SWVI",49.02687599,-125.1496251,"Current","31","CK-31",5,39548,"N","Conservation Unit Data-Rev. 4.1f_20-Apr 2017 -",2011-03-08,"930-233800-00000-00000-0000-0000-000-000-000-000-000-000",9.3e+44,"930-227126-000000-000000-000000-000000-000000-000000-000000-000000-000000-000000-000000-000000-000000-000000-000000-000000-000000-000000-000000"
"39",39,1341,"MEGIN RIVER","Stream","CK",49.43733128,-126.085105,"WVI","WVI","WVI+WVI","WEST VANCOUVER ISLAND-SOUTH_FA_0.x","SWVI",49.02687599,-125.1496251,"Current","31","CK-31",5,41178,"Y","Conservation Unit Data-Rev. 4.1f_20-Apr 2017 -",2011-03-08,"930-413500-00000-00000-0000-0000-000-000-000-000-000-000",9.3e+44,"930-410014-000000-000000-000000-000000-000000-000000-000000-000000-000000-000000-000000-000000-000000-000000-000000-000000-000000-000000-000000"
"40",40,1296,"MERCANTILE CREEK","Stream","CK",48.96290516,-125.5579236,"WVI","WVI","WVI+WVI","WEST VANCOUVER ISLAND-SOUTH_FA_0.x","SWVI",49.02687599,-125.1496251,"Current","31","CK-31",5,39608,"N","Conservation Unit Data-Rev. 4.1f_20-Apr 2017 -",2011-03-08,"930-243300-00000-00000-0000-0000-000-000-000-000-000-000",9.3e+44,"930-236502-000000-000000-000000-000000-000000-000000-000000-000000-000000-000000-000000-000000-000000-000000-000000-000000-000000-000000-000000"
"41",41,1335,"MOYEHA RIVER","Stream","CK",49.41773585,-125.9126587,"WVI","WVI","WVI+WVI","WEST VANCOUVER ISLAND-SOUTH_FA_0.x","SWVI",49.02687599,-125.1496251,"Current","31","CK-31",5,41123,"Y","Conservation Unit Data-Rev. 4.1f_20-Apr 2017 -",2011-03-08,"930-391800-00000-00000-0000-0000-000-000-000-000-000-000",9.3e+44,"930-388774-000000-000000-000000-000000-000000-000000-000000-000000-000000-000000-000000-000000-000000-000000-000000-000000-000000-000000-000000"
"42",42,1308,"MURIEL LAKE","Lake","CK",49.12404568,-125.614759,"WVI","WVI","WVI+WVI","WEST VANCOUVER ISLAND-SOUTH_FA_0.x","SWVI",49.02687599,-125.1496251,"Current","31","CK-31",5,52138,"N","Conservation Unit Data-Rev. 4.1f_20-Apr 2017 -",2011-03-08,"930-306400-02600-00000-0000-0000-000-000-000-000-000-000",9.3e+44,"930-302211-024981-000000-000000-000000-000000-000000-000000-000000-000000-000000-000000-000000-000000-000000-000000-000000-000000-000000-000000"
"43",43,1270,"NAHMINT RIVER","Stream","CK",49.0619635,-124.8826049,"WVI","WVI","WVI+WVI","WEST VANCOUVER ISLAND-SOUTH_FA_0.x","SWVI",49.02687599,-125.1496251,"Current","31","CK-31",5,40618,"Y","Conservation Unit Data-Rev. 4.1f_20-Apr 2017 -",2011-03-08,"930-150800-00000-00000-0000-0000-000-000-000-000-000-000",9.3e+44,"930-152772-000000-000000-000000-000000-000000-000000-000000-000000-000000-000000-000000-000000-000000-000000-000000-000000-000000-000000-000000"
"44",44,1242,"NITINAT RIVER","Stream","CK",48.67019777,-124.8510914,"WVI","WVI","WVI+WVI","WEST VANCOUVER ISLAND-SOUTH_FA_0.x","SWVI",49.02687599,-125.1496251,"Current","31","CK-31",5,40363,"Y","Conservation Unit Data-Rev. 4.1f_20-Apr 2017 -",2011-03-08,"930-071700-00000-00000-0000-0000-000-000-000-000-000-000",9.3e+44,"930-073434-000000-000000-000000-000000-000000-000000-000000-000000-000000-000000-000000-000000-000000-000000-000000-000000-000000-000000-000000"
"45",45,1286,"PIPESTEAM CREEK","Stream","CK",49.03736119,-125.1998468,"WVI","WVI","WVI+WVI","WEST VANCOUVER ISLAND-SOUTH_FA_0.x","SWVI",49.02687599,-125.1496251,"Current","31","CK-31",5,40778,"N","Conservation Unit Data-Rev. 4.1f_20-Apr 2017 -",2011-03-08,"930-224000-00000-00000-0000-0000-000-000-000-000-000-000",9.3e+44,"930-217626-000000-000000-000000-000000-000000-000000-000000-000000-000000-000000-000000-000000-000000-000000-000000-000000-000000-000000-000000"
"46",46,1234,"RENFREW CREEK","Stream","CK",48.58431792,-124.3448623,"WVI","WVI","WVI+WVI","WEST VANCOUVER ISLAND-SOUTH_FA_0.x","SWVI",49.02687599,-125.1496251,"Current","31","CK-31",5,40283,"N","Conservation Unit Data-Rev. 4.1f_20-Apr 2017 - rev.4/Dec2012/S. BaillieC-16s indicates that these systems have ""typical"" SWVI  timing; CK-30 deprecated and sites moved to CK-31, Feb13",2013-07-18,"930-053800-12100-05400-0000-0000-000-000-000-000-000-000",9.3e+44,"930-055749-116228-000000-000000-000000-000000-000000-000000-000000-000000-000000-000000-000000-000000-000000-000000-000000-000000-000000-000000"
"47",47,1223,"ROCKY CREEK","Stream","CK",48.40198759,-123.7501274,"WVI","WVI","WVI+WVI","WEST VANCOUVER ISLAND-SOUTH_FA_0.x","SWVI",49.02687599,-125.1496251,"Current","31","CK-31",5,40173,"N","Conservation Unit Data-Rev. 4.1f_20-Apr 2017 -",2011-03-08,"930-022100-02800-27800-0000-0000-000-000-000-000-000-000",9.3e+44,"930-023810-032234-285250-000000-000000-000000-000000-000000-000000-000000-000000-000000-000000-000000-000000-000000-000000-000000-000000-000000"
"48",48,1231,"SAN JUAN RIVER","Stream","CK",48.56008206,-124.3987958,"WVI","WVI","WVI+WVI","WEST VANCOUVER ISLAND-SOUTH_FA_0.x","SWVI",49.02687599,-125.1496251,"Current","31","CK-31",5,40253,"Y","Conservation Unit Data-Rev. 4.1f_20-Apr 2017 - rev.4/Dec2012/S. BaillieC-16s indicates that these systems have ""typical"" SWVI  timing; CK-30 deprecated and sites moved to CK-31, Feb13",2013-07-18,"930-053800-00000-00000-0000-0000-000-000-000-000-000-000",9.3e+44,"930-055749-000000-000000-000000-000000-000000-000000-000000-000000-000000-000000-000000-000000-000000-000000-000000-000000-000000-000000-000000"
"49",49,2474,"SAND RIVER","Stream","CK",49.11317171,-125.501478,"WVI","WVI","WVI+WVI","WEST VANCOUVER ISLAND-SOUTH_FA_0.x","SWVI",49.02687599,-125.1496251,"Current","31","CK-31",5,44536,"N","Conservation Unit Data-Rev. 4.1f_20-Apr 2017 -",2011-03-08,"930-306400-33200-00000-0000-0000-000-000-000-000-000-000",9.3e+44,"930-302211-342758-000000-000000-000000-000000-000000-000000-000000-000000-000000-000000-000000-000000-000000-000000-000000-000000-000000-000000"
"50",50,1252,"SARITA RIVER","Stream","CK",48.8978855,-125.0090965,"WVI","WVI","WVI+WVI","WEST VANCOUVER ISLAND-SOUTH_FA_0.x","SWVI",49.02687599,-125.1496251,"Current","31","CK-31",5,40458,"Y","Conservation Unit Data-Rev. 4.1f_20-Apr 2017 -",2011-03-08,"930-110800-00000-00000-0000-0000-000-000-000-000-000-000",9.3e+44,"930-112460-000000-000000-000000-000000-000000-000000-000000-000000-000000-000000-000000-000000-000000-000000-000000-000000-000000-000000-000000"
"51",51,1298,"SMITH CREEK","Stream","CK",48.97829305,-125.5740666,"WVI","WVI","WVI+WVI","WEST VANCOUVER ISLAND-SOUTH_FA_0.x","SWVI",49.02687599,-125.1496251,"Current","31","CK-31",5,40818,"N","Conservation Unit Data-Rev. 4.1f_20-Apr 2017 -",2011-03-08,"930-244500-00000-00000-0000-0000-000-000-000-000-000-000",9.3e+44,"930-237609-000000-000000-000000-000000-000000-000000-000000-000000-000000-000000-000000-000000-000000-000000-000000-000000-000000-000000-000000"
"52",52,1272,"SNUG BASIN CREEK","Stream","CK",49.0251778,-125.0236641,"WVI","WVI","WVI+WVI","WEST VANCOUVER ISLAND-SOUTH_FA_0.x","SWVI",49.02687599,-125.1496251,"Current","31","CK-31",5,40638,"N","Conservation Unit Data-Rev. 4.1f_20-Apr 2017 -",2011-03-08,"930-161600-00000-00000-0000-0000-000-000-000-000-000-000",9.3e+44,"930-163426-000000-000000-000000-000000-000000-000000-000000-000000-000000-000000-000000-000000-000000-000000-000000-000000-000000-000000-000000"
"53",53,1261,"SOMASS RIVER","Stream","CK",49.24617639,-124.8201476,"WVI","WVI","WVI+WVI","WEST VANCOUVER ISLAND-SOUTH_FA_0.x","SWVI",49.02687599,-125.1496251,"Current","31","CK-31",5,40549,"N","Conservation Unit Data-Rev. 4.1f_20-Apr 2017 - phantom run 2 or fall run, mapped Sep12; CK-9001 deprecated and sites moved to CK-31 Feb13",2013-07-18,"930-137400-00000-00000-0000-0000-000-000-000-000-000-000",9.3e+44,"930-139262-000000-000000-000000-000000-000000-000000-000000-000000-000000-000000-000000-000000-000000-000000-000000-000000-000000-000000-000000"
"54",54,1261,"SOMASS RIVER","Stream","CK",49.24617639,-124.8201476,"WVI","WVI","WVI+WVI","WEST VANCOUVER ISLAND-SOUTH_FA_0.x","SWVI",49.02687599,-125.1496251,"Current","31","CK-31",5,40548,"Y","Conservation Unit Data-Rev. 4.1f_20-Apr 2017 - CK-9001 deprecated and sites moved to CK-31 Feb13",2013-07-18,"930-137400-00000-00000-0000-0000-000-000-000-000-000-000",9.3e+44,"930-139262-000000-000000-000000-000000-000000-000000-000000-000000-000000-000000-000000-000000-000000-000000-000000-000000-000000-000000-000000"
"55",55,11485,"SOMASS-SPROAT-GC SYSTEM","Stream Aggregate","CK",49.24617639,-124.8201476,"WVI","WVI","WVI+WVI","WEST VANCOUVER ISLAND-SOUTH_FA_0.x","SWVI",49.02687599,-125.1496251,"Current","31","CK-31",5,3306,"N","Conservation Unit Data-Rev. 4.1f_20-Apr 2017 - CK-9001 deprecated and sites moved to CK-31 Feb13",2013-07-18,"930-137400-00000-00000-0000-0000-000-000-000-000-000-000",9.3e+44,"930-139262-000000-000000-000000-000000-000000-000000-000000-000000-000000-000000-000000-000000-000000-000000-000000-000000-000000-000000-000000"
"56",56,1221,"SOOKE RIVER","Stream","CK",48.38488389,-123.7000992,"WVI","WVI","WVI+WVI","WEST VANCOUVER ISLAND-SOUTH_FA_0.x","SWVI",49.02687599,-125.1496251,"Current","31","CK-31",5,40153,"N","Conservation Unit Data-Rev. 4.1f_20-Apr 2017 -",2011-03-08,"930-022100-00000-00000-0000-0000-000-000-000-000-000-000",9.3e+44,"930-023810-000000-000000-000000-000000-000000-000000-000000-000000-000000-000000-000000-000000-000000-000000-000000-000000-000000-000000-000000"
"57",57,1250,"SUGSAW CREEK","Stream","CK",48.83794764,-125.105552,"WVI","WVI","WVI+WVI","WEST VANCOUVER ISLAND-SOUTH_FA_0.x","SWVI",49.02687599,-125.1496251,"Current","31","CK-31",5,40438,"N","Conservation Unit Data-Rev. 4.1f_20-Apr 2017 -",2011-03-08,"930-101400-00000-00000-0000-0000-000-000-000-000-000-000",9.3e+44,"930-103653-000000-000000-000000-000000-000000-000000-000000-000000-000000-000000-000000-000000-000000-000000-000000-000000-000000-000000-000000"
"58",58,1325,"SUTTON MILL CREEK","Stream","CK",49.20540349,-125.8018345,"WVI","WVI","WVI+WVI","WEST VANCOUVER ISLAND-SOUTH_FA_0.x","SWVI",49.02687599,-125.1496251,"Current","31","CK-31",5,52298,"N","Conservation Unit Data-Rev. 4.1f_20-Apr 2017 -",2011-03-08,"935-302000-82300-00000-0000-0000-000-000-000-000-000-000",9.35e+44,"935-334340-822881-000000-000000-000000-000000-000000-000000-000000-000000-000000-000000-000000-000000-000000-000000-000000-000000-000000-000000"
"59",59,1344,"SYDNEY RIVER","Stream","CK",49.51374145,-126.2968692,"WVI","WVI","WVI+WVI","WEST VANCOUVER ISLAND-SOUTH_FA_0.x","SWVI",49.02687599,-125.1496251,"Current","31","CK-31",5,41208,"N","Conservation Unit Data-Rev. 4.1f_20-Apr 2017 -",2011-03-08,"930-433800-00000-00000-0000-0000-000-000-000-000-000-000",9.3e+44,"930-429922-000000-000000-000000-000000-000000-000000-000000-000000-000000-000000-000000-000000-000000-000000-000000-000000-000000-000000-000000"
"60",60,1297,"THORNTON CREEK","Stream","CK",48.96701562,-125.5625903,"WVI","WVI","WVI+WVI","WEST VANCOUVER ISLAND-SOUTH_FA_0.x","SWVI",49.02687599,-125.1496251,"Current","31","CK-31",5,40808,"N","Conservation Unit Data-Rev. 4.1f_20-Apr 2017 -",2011-03-08,"930-243600-00000-00000-0000-0000-000-000-000-000-000-000",9.3e+44,"930-236814-000000-000000-000000-000000-000000-000000-000000-000000-000000-000000-000000-000000-000000-000000-000000-000000-000000-000000-000000"
"61",61,1316,"TOFINO CREEK","Stream","CK",49.23517333,-125.594806,"WVI","WVI","WVI+WVI","WEST VANCOUVER ISLAND-SOUTH_FA_0.x","SWVI",49.02687599,-125.1496251,"Current","31","CK-31",5,52208,"N","Conservation Unit Data-Rev. 4.1f_20-Apr 2017 -",2011-03-08,"930-316000-00000-00000-0000-0000-000-000-000-000-000-000",9.3e+44,"930-311568-000000-000000-000000-000000-000000-000000-000000-000000-000000-000000-000000-000000-000000-000000-000000-000000-000000-000000-000000"
"62",62,1288,"TOQUART RIVER","Stream","CK",49.03438389,-125.3565592,"WVI","WVI","WVI+WVI","WEST VANCOUVER ISLAND-SOUTH_FA_0.x","SWVI",49.02687599,-125.1496251,"Current","31","CK-31",5,40798,"Y","Conservation Unit Data-Rev. 4.1f_20-Apr 2017 -",2011-03-08,"930-230500-00000-00000-0000-0000-000-000-000-000-000-000",9.3e+44,"930-223732-000000-000000-000000-000000-000000-000000-000000-000000-000000-000000-000000-000000-000000-000000-000000-000000-000000-000000-000000"
"63",63,1317,"TRANQUIL CREEK","Stream","CK",49.21148996,-125.6710986,"WVI","WVI","WVI+WVI","WEST VANCOUVER ISLAND-SOUTH_FA_0.x","SWVI",49.02687599,-125.1496251,"Current","31","CK-31",5,52218,"Y","Conservation Unit Data-Rev. 4.1f_20-Apr 2017 -",2011-03-08,"930-324500-00000-00000-0000-0000-000-000-000-000-000-000",9.3e+44,"930-320497-000000-000000-000000-000000-000000-000000-000000-000000-000000-000000-000000-000000-000000-000000-000000-000000-000000-000000-000000"
"64",64,1293,"TWIN RIVERS WEST CREEK","Stream","CK",48.94847366,-125.4471491,"WVI","WVI","WVI+WVI","WEST VANCOUVER ISLAND-SOUTH_FA_0.x","SWVI",49.02687599,-125.1496251,"Current","31","CK-31",5,39578,"N","Conservation Unit Data-Rev. 4.1f_20-Apr 2017 -",2011-03-08,"930-236300-00000-00000-0000-0000-000-000-000-000-000-000",9.3e+44,"930-229626-000000-000000-000000-000000-000000-000000-000000-000000-000000-000000-000000-000000-000000-000000-000000-000000-000000-000000-000000"
"65",65,1274,"UCHUCK CREEK","Stream","CK",49.01501561,-125.0525034,"WVI","WVI","WVI+WVI","WEST VANCOUVER ISLAND-SOUTH_FA_0.x","SWVI",49.02687599,-125.1496251,"Current","31","CK-31",5,40658,"N","Conservation Unit Data-Rev. 4.1f_20-Apr 2017 -",2011-03-08,"930-162900-00000-00000-0000-0000-000-000-000-000-000-000",9.3e+44,"930-164925-000000-000000-000000-000000-000000-000000-000000-000000-000000-000000-000000-000000-000000-000000-000000-000000-000000-000000-000000"
"66",66,1305,"UPPER KENNEDY RIVER","Stream Segment","CK",49.1281741,-125.4337658,"WVI","WVI","WVI+WVI","WEST VANCOUVER ISLAND-SOUTH_FA_0.x","SWVI",49.02687599,-125.1496251,"Current","31","CK-31",5,52108,"Y","Conservation Unit Data-Rev. 4.1f_20-Apr 2017 -",2011-03-08,"930-306400-00000-00000-0000-0000-000-000-000-000-000-000",9.3e+44,"930-302211-000000-000000-000000-000000-000000-000000-000000-000000-000000-000000-000000-000000-000000-000000-000000-000000-000000-000000-000000"
"67",67,1328,"URSUS CREEK","Stream","CK",49.38691576,-125.7565374,"WVI","WVI","WVI+WVI","WEST VANCOUVER ISLAND-SOUTH_FA_0.x","SWVI",49.02687599,-125.1496251,"Current","31","CK-31",5,52328,"N","Conservation Unit Data-Rev. 4.1f_20-Apr 2017 - new 10Sep2012 snapshot",2013-07-18,"930-355300-11600-00000-0000-0000-000-000-000-000-000-000",9.3e+44,"930-350962-112867-000000-000000-000000-000000-000000-000000-000000-000000-000000-000000-000000-000000-000000-000000-000000-000000-000000-000000"
"68",68,1280,"WALLACE CREEK","Stream","CK",49.04906134,-125.1647341,"WVI","WVI","WVI+WVI","WEST VANCOUVER ISLAND-SOUTH_FA_0.x","SWVI",49.02687599,-125.1496251,"Current","31","CK-31",5,40718,"N","Conservation Unit Data-Rev. 4.1f_20-Apr 2017 -",2011-03-08,"930-200400-00000-00000-0000-0000-000-000-000-000-000-000",9.3e+44,"930-194787-000000-000000-000000-000000-000000-000000-000000-000000-000000-000000-000000-000000-000000-000000-000000-000000-000000-000000-000000"
"69",69,1318,"WARN BAY CREEK","Stream","CK",49.2631789,-125.7250187,"WVI","WVI","WVI+WVI","WEST VANCOUVER ISLAND-SOUTH_FA_0.x","SWVI",49.02687599,-125.1496251,"Current","31","CK-31",5,52228,"N","Conservation Unit Data-Rev. 4.1f_20-Apr 2017 -",2011-03-08,"930-345500-00000-00000-0000-0000-000-000-000-000-000-000",9.3e+44,"930-341740-000000-000000-000000-000000-000000-000000-000000-000000-000000-000000-000000-000000-000000-000000-000000-000000-000000-000000-000000"
"70",70,1340,"WATTA CREEK","Stream","CK",49.45875546,-126.0274869,"WVI","WVI","WVI+WVI","WEST VANCOUVER ISLAND-SOUTH_FA_0.x","SWVI",49.02687599,-125.1496251,"Current","31","CK-31",5,41168,"N","Conservation Unit Data-Rev. 4.1f_20-Apr 2017 -",2011-03-08,"930-410500-00000-00000-0000-0000-000-000-000-000-000-000",9.3e+44,"930-407135-000000-000000-000000-000000-000000-000000-000000-000000-000000-000000-000000-000000-000000-000000-000000-000000-000000-000000-000000"
"71",1,1410,"AMAI CREEK","Stream","CK",50.02361461,-127.0768594,"WVI","WVI","WVI+WVI","WEST VANCOUVER ISLAND-NOOTKA AND KYUQUOT_FA_0.x","NoKy",49.91102439,-126.8499923,"Current","32","CK-32",5,41843,"N","Conservation Unit Data-Rev. 4.1f_20-Apr 2017 -",2011-03-08,"930-653300-00000-00000-0000-0000-000-000-000-000-000-000",9.31e+44,"930-651588-000000-000000-000000-000000-000000-000000-000000-000000-000000-000000-000000-000000-000000-000000-000000-000000-000000-000000-000000"
"72",2,1413,"ARTLISH RIVER","Stream","CK",50.11606747,-127.0848474,"WVI","WVI","WVI+WVI","WEST VANCOUVER ISLAND-NOOTKA AND KYUQUOT_FA_0.x","NoKy",49.91102439,-126.8499923,"Current","32","CK-32",5,41873,"Y","Conservation Unit Data-Rev. 4.1f_20-Apr 2017 -",2011-03-08,"930-671100-00000-00000-0000-0000-000-000-000-000-000-000",9.31e+44,"930-671111-000000-000000-000000-000000-000000-000000-000000-000000-000000-000000-000000-000000-000000-000000-000000-000000-000000-000000-000000"
"73",3,1429,"BATTLE BAY RIVER","Stream","CK",50.12254174,-127.5921749,"WVI","WVI","WVI+WVI","WEST VANCOUVER ISLAND-NOOTKA AND KYUQUOT_FA_0.x","NoKy",49.91102439,-126.8499923,"Current","32","CK-32",5,39698,"N","Conservation Unit Data-Rev. 4.1f_20-Apr 2017 -",2011-03-08,"930-739000-00000-00000-0000-0000-000-000-000-000-000-000",9.31e+44,"930-738595-000000-000000-000000-000000-000000-000000-000000-000000-000000-000000-000000-000000-000000-000000-000000-000000-000000-000000-000000"
"74",4,1390,"BRODICK CREEK","Stream","CK",49.84563684,-126.899403,"WVI","WVI","WVI+WVI","WEST VANCOUVER ISLAND-NOOTKA AND KYUQUOT_FA_0.x","NoKy",49.91102439,-126.8499923,"Current","32","CK-32",5,41643,"N","Conservation Unit Data-Rev. 4.1f_20-Apr 2017 -",2011-03-08,"935-483000-59300-00000-0000-0000-000-000-000-000-000-000",9.35e+44,"935-371895-585160-000000-000000-000000-000000-000000-000000-000000-000000-000000-000000-000000-000000-000000-000000-000000-000000-000000-000000"
"75",5,1356,"BURMAN RIVER","Stream","CK",49.61110095,-126.0496038,"WVI","WVI","WVI+WVI","WEST VANCOUVER ISLAND-NOOTKA AND KYUQUOT_FA_0.x","NoKy",49.91102439,-126.8499923,"Current","32","CK-32",5,41328,"Y","Conservation Unit Data-Rev. 4.1f_20-Apr 2017 -",2011-03-08,"930-507400-00000-00000-0000-0000-000-000-000-000-000-000",9.31e+44,"930-504218-000000-000000-000000-000000-000000-000000-000000-000000-000000-000000-000000-000000-000000-000000-000000-000000-000000-000000-000000"
"76",6,1408,"CACHALOT CREEK","Stream","CK",49.99806587,-127.1640784,"WVI","WVI","WVI+WVI","WEST VANCOUVER ISLAND-NOOTKA AND KYUQUOT_FA_0.x","NoKy",49.91102439,-126.8499923,"Current","32","CK-32",5,41823,"N","Conservation Unit Data-Rev. 4.1f_20-Apr 2017 -",2011-03-08,"930-647000-00000-00000-0000-0000-000-000-000-000-000-000",9.31e+44,"930-644889-000000-000000-000000-000000-000000-000000-000000-000000-000000-000000-000000-000000-000000-000000-000000-000000-000000-000000-000000"
"77",7,1370,"CANTON CREEK","Stream","CK",49.79578546,-126.47305,"WVI","WVI","WVI+WVI","WEST VANCOUVER ISLAND-NOOTKA AND KYUQUOT_FA_0.x","NoKy",49.91102439,-126.8499923,"Current","32","CK-32",5,41448,"Y","Conservation Unit Data-Rev. 4.1f_20-Apr 2017 -",2011-03-08,"930-539800-00000-00000-0000-0000-000-000-000-000-000-000",9.31e+44,"930-537619-000000-000000-000000-000000-000000-000000-000000-000000-000000-000000-000000-000000-000000-000000-000000-000000-000000-000000-000000"
"78",8,1422,"CHAMISS CREEK","Stream","CK",50.07978479,-127.2890671,"WVI","WVI","WVI+WVI","WEST VANCOUVER ISLAND-NOOTKA AND KYUQUOT_FA_0.x","NoKy",49.91102439,-126.8499923,"Current","32","CK-32",5,39628,"N","Conservation Unit Data-Rev. 4.1f_20-Apr 2017 -",2011-03-08,"930-700400-00000-00000-0000-0000-000-000-000-000-000-000",9.31e+44,"930-700522-000000-000000-000000-000000-000000-000000-000000-000000-000000-000000-000000-000000-000000-000000-000000-000000-000000-000000-000000"
"79",9,1401,"CHUM CREEK","Stream","CK",49.96866497,-126.9493334,"WVI","WVI","WVI+WVI","WEST VANCOUVER ISLAND-NOOTKA AND KYUQUOT_FA_0.x","NoKy",49.91102439,-126.8499923,"Current","32","CK-32",5,41753,"N","Conservation Unit Data-Rev. 4.1f_20-Apr 2017 -",2011-03-08,"930-605500-00000-00000-0000-0000-000-000-000-000-000-000",9.31e+44,"930-602577-000000-000000-000000-000000-000000-000000-000000-000000-000000-000000-000000-000000-000000-000000-000000-000000-000000-000000-000000"
"80",10,1425,"CLANNINICK CREEK","Stream","CK",50.04685597,-127.4065695,"WVI","WVI","WVI+WVI","WEST VANCOUVER ISLAND-NOOTKA AND KYUQUOT_FA_0.x","NoKy",49.91102439,-126.8499923,"Current","32","CK-32",5,39658,"N","Conservation Unit Data-Rev. 4.1f_20-Apr 2017 -",2011-03-08,"930-713300-00000-00000-0000-0000-000-000-000-000-000-000",9.31e+44,"930-712616-000000-000000-000000-000000-000000-000000-000000-000000-000000-000000-000000-000000-000000-000000-000000-000000-000000-000000-000000"
"81",11,1369,"CONUMA RIVER","Stream","CK",49.79420838,-126.4400531,"WVI","WVI","WVI+WVI","WEST VANCOUVER ISLAND-NOOTKA AND KYUQUOT_FA_0.x","NoKy",49.91102439,-126.8499923,"Current","32","CK-32",5,41438,"Y","Conservation Unit Data-Rev. 4.1f_20-Apr 2017 -",2011-03-08,"930-538500-00000-00000-0000-0000-000-000-000-000-000-000",9.31e+44,"930-536074-000000-000000-000000-000000-000000-000000-000000-000000-000000-000000-000000-000000-000000-000000-000000-000000-000000-000000-000000"
"82",12,1366,"COUGAR CREEK","Stream","CK",49.7234602,-126.4555927,"WVI","WVI","WVI+WVI","WEST VANCOUVER ISLAND-NOOTKA AND KYUQUOT_FA_0.x","NoKy",49.91102439,-126.8499923,"Current","32","CK-32",5,41413,"N","Conservation Unit Data-Rev. 4.1f_20-Apr 2017 -",2011-03-08,"930-530500-00000-00000-0000-0000-000-000-000-000-000-000",9.31e+44,"930-527461-510219-000000-000000-000000-000000-000000-000000-000000-000000-000000-000000-000000-000000-000000-000000-000000-000000-000000-000000"
"83",13,1372,"DESERTED CREEK","Stream","CK",49.75735731,-126.5091426,"WVI","WVI","WVI+WVI","WEST VANCOUVER ISLAND-NOOTKA AND KYUQUOT_FA_0.x","NoKy",49.91102439,-126.8499923,"Current","32","CK-32",5,41468,"N","Conservation Unit Data-Rev. 4.1f_20-Apr 2017 -",2011-03-08,"930-548100-00000-00000-0000-0000-000-000-000-000-000-000",9.31e+44,"930-545884-000000-000000-000000-000000-000000-000000-000000-000000-000000-000000-000000-000000-000000-000000-000000-000000-000000-000000-000000"
"84",14,1419,"EASY CREEK","Stream","CK",50.12828643,-127.3125546,"WVI","WVI","WVI+WVI","WEST VANCOUVER ISLAND-NOOTKA AND KYUQUOT_FA_0.x","NoKy",49.91102439,-126.8499923,"Current","32","CK-32",5,40888,"N","Conservation Unit Data-Rev. 4.1f_20-Apr 2017 -",2011-03-08,"930-691300-00000-00000-0000-0000-000-000-000-000-000-000",9.31e+44,"930-691582-000000-000000-000000-000000-000000-000000-000000-000000-000000-000000-000000-000000-000000-000000-000000-000000-000000-000000-000000"
"85",15,1420,"ELAINE CREEK","Stream","CK",50.12105689,-127.2984828,"WVI","WVI","WVI+WVI","WEST VANCOUVER ISLAND-NOOTKA AND KYUQUOT_FA_0.x","NoKy",49.91102439,-126.8499923,"Current","32","CK-32",5,40898,"N","Conservation Unit Data-Rev. 4.1f_20-Apr 2017 -",2011-03-08,"930-691900-00000-00000-0000-0000-000-000-000-000-000-000",9.31e+44,"930-692089-000000-000000-000000-000000-000000-000000-000000-000000-000000-000000-000000-000000-000000-000000-000000-000000-000000-000000-000000"
"86",16,1404,"ELIZA CREEK","Stream","CK",49.94426097,-127.0496432,"WVI","WVI","WVI+WVI","WEST VANCOUVER ISLAND-NOOTKA AND KYUQUOT_FA_0.x","NoKy",49.91102439,-126.8499923,"Current","32","CK-32",5,41783,"N","Conservation Unit Data-Rev. 4.1f_20-Apr 2017 -",2011-03-08,"930-621100-00000-00000-0000-0000-000-000-000-000-000-000",9.31e+44,"930-618967-000000-000000-000000-000000-000000-000000-000000-000000-000000-000000-000000-000000-000000-000000-000000-000000-000000-000000-000000"
"87",17,1400,"ESPINOSA CREEK","Stream","CK",49.98876693,-126.9466347,"WVI","WVI","WVI+WVI","WEST VANCOUVER ISLAND-NOOTKA AND KYUQUOT_FA_0.x","NoKy",49.91102439,-126.8499923,"Current","32","CK-32",5,41743,"N","Conservation Unit Data-Rev. 4.1f_20-Apr 2017 -",2011-03-08,"930-604000-00000-00000-0000-0000-000-000-000-000-000-000",9.31e+44,"930-601179-000000-000000-000000-000000-000000-000000-000000-000000-000000-000000-000000-000000-000000-000000-000000-000000-000000-000000-000000"
"88",18,1358,"GOLD RIVER","Stream","CK",49.68075743,-126.1127788,"WVI","WVI","WVI+WVI","WEST VANCOUVER ISLAND-NOOTKA AND KYUQUOT_FA_0.x","NoKy",49.91102439,-126.8499923,"Current","32","CK-32",5,41348,"Y","Conservation Unit Data-Rev. 4.1f_20-Apr 2017 -",2011-03-08,"930-511600-00000-00000-0000-0000-000-000-000-000-000-000",9.31e+44,"930-508366-000000-000000-000000-000000-000000-000000-000000-000000-000000-000000-000000-000000-000000-000000-000000-000000-000000-000000-000000"
"89",19,1403,"HAMMOND CREEK","Stream","CK",49.94485773,-127.0438802,"WVI","WVI","WVI+WVI","WEST VANCOUVER ISLAND-NOOTKA AND KYUQUOT_FA_0.x","NoKy",49.91102439,-126.8499923,"Current","32","CK-32",5,41773,"N","Conservation Unit Data-Rev. 4.1f_20-Apr 2017 -",2011-03-08,"930-620900-00000-00000-0000-0000-000-000-000-000-000-000",9.31e+44,"930-618710-000000-000000-000000-000000-000000-000000-000000-000000-000000-000000-000000-000000-000000-000000-000000-000000-000000-000000-000000"
"90",20,1373,"HOISS CREEK","Stream","CK",49.69826089,-126.5641681,"WVI","WVI","WVI+WVI","WEST VANCOUVER ISLAND-NOOTKA AND KYUQUOT_FA_0.x","NoKy",49.91102439,-126.8499923,"Current","32","CK-32",5,41478,"N","Conservation Unit Data-Rev. 4.1f_20-Apr 2017 -",2011-03-08,"930-556300-00000-00000-0000-0000-000-000-000-000-000-000",9.31e+44,"930-553866-000000-000000-000000-000000-000000-000000-000000-000000-000000-000000-000000-000000-000000-000000-000000-000000-000000-000000-000000"
"91",21,1354,"HOUSTON RIVER","Stream","CK",49.6371191,-126.2998368,"WVI","WVI","WVI+WVI","WEST VANCOUVER ISLAND-NOOTKA AND KYUQUOT_FA_0.x","NoKy",49.91102439,-126.8499923,"Current","32","CK-32",5,41308,"N","Conservation Unit Data-Rev. 4.1f_20-Apr 2017 -",2011-03-08,"930-497700-00000-00000-0000-0000-000-000-000-000-000-000",9.3e+44,"930-494183-000000-000000-000000-000000-000000-000000-000000-000000-000000-000000-000000-000000-000000-000000-000000-000000-000000-000000-000000"
"92",22,1386,"INNER BASIN CREEK (BLACK)","Stream","CK",49.65371113,-126.0857017,"WVI","WVI","WVI+WVI","WEST VANCOUVER ISLAND-NOOTKA AND KYUQUOT_FA_0.x","NoKy",49.91102439,-126.8499923,"Current","32","CK-32",5,41603,"N","Conservation Unit Data-Rev. 4.1f_20-Apr 2017 -",2011-03-08,"935-483000-37200-00000-0000-0000-000-000-000-000-000-000",9.35e+44,"935-371895-337923-000000-000000-000000-000000-000000-000000-000000-000000-000000-000000-000000-000000-000000-000000-000000-000000-000000-000000"
"93",23,1385,"INNER BASIN RIVER (RANSOM)","Stream","CK",49.79694476,-126.7437354,"WVI","WVI","WVI+WVI","WEST VANCOUVER ISLAND-NOOTKA AND KYUQUOT_FA_0.x","NoKy",49.91102439,-126.8499923,"Current","32","CK-32",5,41593,"N","Conservation Unit Data-Rev. 4.1f_20-Apr 2017 -",2011-03-08,"935-483000-37000-00000-0000-0000-000-000-000-000-000-000",9.35e+44,"935-371895-335680-000000-000000-000000-000000-000000-000000-000000-000000-000000-000000-000000-000000-000000-000000-000000-000000-000000-000000"
"94",24,1355,"JACKLAH RIVER","Stream","CK",49.65097028,-126.1557042,"WVI","WVI","WVI+WVI","WEST VANCOUVER ISLAND-NOOTKA AND KYUQUOT_FA_0.x","NoKy",49.91102439,-126.8499923,"Current","32","CK-32",5,41318,"N","Conservation Unit Data-Rev. 4.1f_20-Apr 2017 -",2011-03-08,"930-502700-00000-00000-0000-0000-000-000-000-000-000-000",9.31e+44,"930-499033-000000-000000-000000-000000-000000-000000-000000-000000-000000-000000-000000-000000-000000-000000-000000-000000-000000-000000-000000"
"95",25,1421,"JANSEN LAKE CREEK","Stream","CK",50.1182045,-127.2943891,"WVI","WVI","WVI+WVI","WEST VANCOUVER ISLAND-NOOTKA AND KYUQUOT_FA_0.x","NoKy",49.91102439,-126.8499923,"Current","32","CK-32",5,39618,"N","Conservation Unit Data-Rev. 4.1f_20-Apr 2017 -",2011-03-08,"930-692100-00000-00000-0000-0000-000-000-000-000-000-000",9.31e+44,"930-692270-000000-000000-000000-000000-000000-000000-000000-000000-000000-000000-000000-000000-000000-000000-000000-000000-000000-000000-000000"
"96",26,1412,"KAOUK RIVER","Stream","CK",50.06362139,-127.098644,"WVI","WVI","WVI+WVI","WEST VANCOUVER ISLAND-NOOTKA AND KYUQUOT_FA_0.x","NoKy",49.91102439,-126.8499923,"Current","32","CK-32",5,41863,"Y","Conservation Unit Data-Rev. 4.1f_20-Apr 2017 -",2011-03-08,"930-665700-00000-00000-0000-0000-000-000-000-000-000-000",9.31e+44,"930-665189-000000-000000-000000-000000-000000-000000-000000-000000-000000-000000-000000-000000-000000-000000-000000-000000-000000-000000-000000"
"97",27,1407,"KAPOOSE CREEK","Stream","CK",49.9479521,-127.2202055,"WVI","WVI","WVI+WVI","WEST VANCOUVER ISLAND-NOOTKA AND KYUQUOT_FA_0.x","NoKy",49.91102439,-126.8499923,"Current","32","CK-32",5,41813,"N","Conservation Unit Data-Rev. 4.1f_20-Apr 2017 -",2011-03-08,"930-639800-00000-00000-0000-0000-000-000-000-000-000-000",9.31e+44,"930-637476-000000-000000-000000-000000-000000-000000-000000-000000-000000-000000-000000-000000-000000-000000-000000-000000-000000-000000-000000"
"98",28,1418,"KASHUTL RIVER","Stream","CK",50.19506775,-127.3095564,"WVI","WVI","WVI+WVI","WEST VANCOUVER ISLAND-NOOTKA AND KYUQUOT_FA_0.x","NoKy",49.91102439,-126.8499923,"Current","32","CK-32",5,40878,"N","Conservation Unit Data-Rev. 4.1f_20-Apr 2017 -",2011-03-08,"930-687400-00000-00000-0000-0000-000-000-000-000-000-000",9.31e+44,"930-687605-000000-000000-000000-000000-000000-000000-000000-000000-000000-000000-000000-000000-000000-000000-000000-000000-000000-000000-000000"
"99",29,1417,"KAUWINCH RIVER","Stream","CK",50.14494883,-127.2691598,"WVI","WVI","WVI+WVI","WEST VANCOUVER ISLAND-NOOTKA AND KYUQUOT_FA_0.x","NoKy",49.91102439,-126.8499923,"Current","32","CK-32",5,40868,"N","Conservation Unit Data-Rev. 4.1f_20-Apr 2017 -",2011-03-08,"930-683800-00000-00000-0000-0000-000-000-000-000-000-000",9.31e+44,"930-683984-000000-000000-000000-000000-000000-000000-000000-000000-000000-000000-000000-000000-000000-000000-000000-000000-000000-000000-000000"
"100",30,1379,"KENDRICK CREEK","Stream","CK",49.72738689,-126.6501212,"WVI","WVI","WVI+WVI","WEST VANCOUVER ISLAND-NOOTKA AND KYUQUOT_FA_0.x","NoKy",49.91102439,-126.8499923,"Current","32","CK-32",5,41538,"N","Conservation Unit Data-Rev. 4.1f_20-Apr 2017 -",2011-03-08,"935-483000-84200-00000-0000-0000-000-000-000-000-000-000",9.35e+44,"935-371895-841754-000000-000000-000000-000000-000000-000000-000000-000000-000000-000000-000000-000000-000000-000000-000000-000000-000000-000000"
"101",31,1364,"KLEEPTEE CREEK","Stream","CK",49.66284831,-126.3680346,"WVI","WVI","WVI+WVI","WEST VANCOUVER ISLAND-NOOTKA AND KYUQUOT_FA_0.x","NoKy",49.91102439,-126.8499923,"Current","32","CK-32",5,41393,"N","Conservation Unit Data-Rev. 4.1f_20-Apr 2017 -",2011-03-08,"930-521000-00000-00000-0000-0000-000-000-000-000-000-000",9.31e+44,"930-518027-000000-000000-000000-000000-000000-000000-000000-000000-000000-000000-000000-000000-000000-000000-000000-000000-000000-000000-000000"
"102",32,1375,"LEINER RIVER","Stream","CK",49.91218942,-126.6432966,"WVI","WVI","WVI+WVI","WEST VANCOUVER ISLAND-NOOTKA AND KYUQUOT_FA_0.x","NoKy",49.91102439,-126.8499923,"Current","32","CK-32",5,41498,"Y","Conservation Unit Data-Rev. 4.1f_20-Apr 2017 -",2011-03-08,"930-567600-00000-00000-0000-0000-000-000-000-000-000-000",9.31e+44,"930-564944-000000-000000-000000-000000-000000-000000-000000-000000-000000-000000-000000-000000-000000-000000-000000-000000-000000-000000-000000"
"103",33,1394,"LITTLE ZEBALLOS RIVER","Stream","CK",49.95610609,-126.8170831,"WVI","WVI","WVI+WVI","WEST VANCOUVER ISLAND-NOOTKA AND KYUQUOT_FA_0.x","NoKy",49.91102439,-126.8499923,"Current","32","CK-32",5,41683,"N","Conservation Unit Data-Rev. 4.1f_20-Apr 2017 -",2011-03-08,"930-579900-00000-00000-0000-0000-000-000-000-000-000-000",9.31e+44,"930-577097-000000-000000-000000-000000-000000-000000-000000-000000-000000-000000-000000-000000-000000-000000-000000-000000-000000-000000-000000"
"104",34,1426,"MALKSOPE RIVER","Stream","CK",50.13868491,-127.422033,"WVI","WVI","WVI+WVI","WEST VANCOUVER ISLAND-NOOTKA AND KYUQUOT_FA_0.x","NoKy",49.91102439,-126.8499923,"Current","32","CK-32",5,39668,"N","Conservation Unit Data-Rev. 4.1f_20-Apr 2017 -",2011-03-08,"930-722200-00000-00000-0000-0000-000-000-000-000-000-000",9.31e+44,"930-721847-000000-000000-000000-000000-000000-000000-000000-000000-000000-000000-000000-000000-000000-000000-000000-000000-000000-000000-000000"
"105",35,1399,"MAMAT CREEK","Stream","CK",49.96100136,-126.9105317,"WVI","WVI","WVI+WVI","WEST VANCOUVER ISLAND-NOOTKA AND KYUQUOT_FA_0.x","NoKy",49.91102439,-126.8499923,"Current","32","CK-32",5,41733,"N","Conservation Unit Data-Rev. 4.1f_20-Apr 2017 -",2011-03-08,"930-599200-00000-00000-0000-0000-000-000-000-000-000-000",9.31e+44,"930-596397-000000-000000-000000-000000-000000-000000-000000-000000-000000-000000-000000-000000-000000-000000-000000-000000-000000-000000-000000"
"106",36,1380,"MARVINAS BAY CREEK","Stream","CK",49.65592077,-126.6275593,"WVI","WVI","WVI+WVI","WEST VANCOUVER ISLAND-NOOTKA AND KYUQUOT_FA_0.x","NoKy",49.91102439,-126.8499923,"Current","32","CK-32",5,41548,"N","Conservation Unit Data-Rev. 4.1f_20-Apr 2017 -",2011-03-08,"935-483000-89500-00000-0000-0000-000-000-000-000-000-000",9.35e+44,"935-371895-898401-000000-000000-000000-000000-000000-000000-000000-000000-000000-000000-000000-000000-000000-000000-000000-000000-000000-000000"
"107",37,1363,"MCCURDY CREEK","Stream","CK",49.67320242,-126.1882374,"WVI","WVI","WVI+WVI","WEST VANCOUVER ISLAND-NOOTKA AND KYUQUOT_FA_0.x","NoKy",49.91102439,-126.8499923,"Current","32","CK-32",5,41383,"N","Conservation Unit Data-Rev. 4.1f_20-Apr 2017 -",2011-03-08,"930-514500-00000-00000-0000-0000-000-000-000-000-000-000",9.31e+44,"930-511663-000000-000000-000000-000000-000000-000000-000000-000000-000000-000000-000000-000000-000000-000000-000000-000000-000000-000000-000000"
"108",38,1424,"MCKAY COVE CREEK","Stream","CK",50.04579792,-127.3494421,"WVI","WVI","WVI+WVI","WEST VANCOUVER ISLAND-NOOTKA AND KYUQUOT_FA_0.x","NoKy",49.91102439,-126.8499923,"Current","32","CK-32",5,39648,"N","Conservation Unit Data-Rev. 4.1f_20-Apr 2017 -",2011-03-08,"930-708600-00000-00000-0000-0000-000-000-000-000-000-000",9.31e+44,"930-708402-000000-000000-000000-000000-000000-000000-000000-000000-000000-000000-000000-000000-000000-000000-000000-000000-000000-000000-000000"
"109",39,1352,"MOOYAH RIVER","Stream","CK",49.62784037,-126.4494942,"WVI","WVI","WVI+WVI","WEST VANCOUVER ISLAND-NOOTKA AND KYUQUOT_FA_0.x","NoKy",49.91102439,-126.8499923,"Current","32","CK-32",5,41288,"N","Conservation Unit Data-Rev. 4.1f_20-Apr 2017 -",2011-03-08,"930-491500-00000-00000-0000-0000-000-000-000-000-000-000",9.3e+44,"930-488088-000000-000000-000000-000000-000000-000000-000000-000000-000000-000000-000000-000000-000000-000000-000000-000000-000000-000000-000000"
"110",40,1361,"MUCHALAT RIVER","Stream","CK",49.84395535,-126.0966488,"WVI","WVI","WVI+WVI","WEST VANCOUVER ISLAND-NOOTKA AND KYUQUOT_FA_0.x","NoKy",49.91102439,-126.8499923,"Current","32","CK-32",5,41364,"N","Conservation Unit Data-Rev. 4.1f_20-Apr 2017 -",2011-03-08,"930-511600-42100-00000-0000-0000-000-000-000-000-000-000",9.31e+44,"930-508366-413291-000000-000000-000000-000000-000000-000000-000000-000000-000000-000000-000000-000000-000000-000000-000000-000000-000000-000000"
"111",41,1409,"NARROWGUT CREEK","Stream","CK",49.99780623,-127.1209223,"WVI","WVI","WVI+WVI","WEST VANCOUVER ISLAND-NOOTKA AND KYUQUOT_FA_0.x","NoKy",49.91102439,-126.8499923,"Current","32","CK-32",5,41833,"N","Conservation Unit Data-Rev. 4.1f_20-Apr 2017 -",2011-03-08,"930-648400-00000-00000-0000-0000-000-000-000-000-000-000",9.31e+44,"930-646221-000000-000000-000000-000000-000000-000000-000000-000000-000000-000000-000000-000000-000000-000000-000000-000000-000000-000000-000000"
"112",42,1430,"NASPARTI RIVER","Stream","CK",50.19160123,-127.6081208,"WVI","WVI","WVI+WVI","WEST VANCOUVER ISLAND-NOOTKA AND KYUQUOT_FA_0.x","NoKy",49.91102439,-126.8499923,"Current","32","CK-32",5,39708,"N","Conservation Unit Data-Rev. 4.1f_20-Apr 2017 -",2011-03-08,"930-747000-00000-00000-0000-0000-000-000-000-000-000-000",9.31e+44,"930-746507-000000-000000-000000-000000-000000-000000-000000-000000-000000-000000-000000-000000-000000-000000-000000-000000-000000-000000-000000"
"113",43,1362,"OKTWANCH RIVER","Stream","CK",49.88139348,-126.1754707,"WVI","WVI","WVI+WVI","WEST VANCOUVER ISLAND-NOOTKA AND KYUQUOT_FA_0.x","NoKy",49.91102439,-126.8499923,"Current","32","CK-32",5,41373,"N","Conservation Unit Data-Rev. 4.1f_20-Apr 2017 -",2011-03-08,"930-511600-42100-30700-0000-0000-000-000-000-000-000-000",9.31e+44,"930-508366-413291-308373-000000-000000-000000-000000-000000-000000-000000-000000-000000-000000-000000-000000-000000-000000-000000-000000-000000"
"114",44,1427,"OUOUKINSH RIVER","Stream","CK",50.18739083,-127.4329511,"WVI","WVI","WVI+WVI","WEST VANCOUVER ISLAND-NOOTKA AND KYUQUOT_FA_0.x","NoKy",49.91102439,-126.8499923,"Current","32","CK-32",5,39678,"N","Conservation Unit Data-Rev. 4.1f_20-Apr 2017 -",2011-03-08,"930-730300-00000-00000-0000-0000-000-000-000-000-000-000",9.31e+44,"930-729741-000000-000000-000000-000000-000000-000000-000000-000000-000000-000000-000000-000000-000000-000000-000000-000000-000000-000000-000000"
"115",45,1388,"OWOSSITSA CREEK","Stream","CK",49.82835613,-126.9177131,"WVI","WVI","WVI+WVI","WEST VANCOUVER ISLAND-NOOTKA AND KYUQUOT_FA_0.x","NoKy",49.91102439,-126.8499923,"Current","32","CK-32",5,41623,"N","Conservation Unit Data-Rev. 4.1f_20-Apr 2017 -",2011-03-08,"935-483000-57000-00000-0000-0000-000-000-000-000-000-000",9.35e+44,"935-371895-559404-000000-000000-000000-000000-000000-000000-000000-000000-000000-000000-000000-000000-000000-000000-000000-000000-000000-000000"
"116",46,1402,"PARK RIVER","Stream","CK",49.88612861,-126.9890604,"WVI","WVI","WVI+WVI","WEST VANCOUVER ISLAND-NOOTKA AND KYUQUOT_FA_0.x","NoKy",49.91102439,-126.8499923,"Current","32","CK-32",5,41763,"N","Conservation Unit Data-Rev. 4.1f_20-Apr 2017 -",2011-03-08,"930-615900-00000-00000-0000-0000-000-000-000-000-000-000",9.31e+44,"930-613579-000000-000000-000000-000000-000000-000000-000000-000000-000000-000000-000000-000000-000000-000000-000000-000000-000000-000000-000000"
"117",47,1406,"PORRITT CREEK","Stream","CK",49.92478513,-127.2017258,"WVI","WVI","WVI+WVI","WEST VANCOUVER ISLAND-NOOTKA AND KYUQUOT_FA_0.x","NoKy",49.91102439,-126.8499923,"Current","32","CK-32",5,41803,"N","Conservation Unit Data-Rev. 4.1f_20-Apr 2017 -",2011-03-08,"930-637700-00000-00000-0000-0000-000-000-000-000-000-000",9.31e+44,"930-635582-000000-000000-000000-000000-000000-000000-000000-000000-000000-000000-000000-000000-000000-000000-000000-000000-000000-000000-000000"
"118",48,1428,"POWER RIVER","Stream","CK",50.18099605,-127.4804646,"WVI","WVI","WVI+WVI","WEST VANCOUVER ISLAND-NOOTKA AND KYUQUOT_FA_0.x","NoKy",49.91102439,-126.8499923,"Current","32","CK-32",5,39688,"N","Conservation Unit Data-Rev. 4.1f_20-Apr 2017 -",2011-03-08,"930-732300-00000-00000-0000-0000-000-000-000-000-000-000",9.31e+44,"930-731806-000000-000000-000000-000000-000000-000000-000000-000000-000000-000000-000000-000000-000000-000000-000000-000000-000000-000000-000000"
"119",49,1415,"SILBURN CREEK","Stream","CK",50.14968731,-127.1249925,"WVI","WVI","WVI+WVI","WEST VANCOUVER ISLAND-NOOTKA AND KYUQUOT_FA_0.x","NoKy",49.91102439,-126.8499923,"Current","32","CK-32",5,41893,"N","Conservation Unit Data-Rev. 4.1f_20-Apr 2017 -",2011-03-08,"930-673300-06300-00000-0000-0000-000-000-000-000-000-000",9.31e+44,"930-673175-063720-000000-000000-000000-000000-000000-000000-000000-000000-000000-000000-000000-000000-000000-000000-000000-000000-000000-000000"
"120",50,1353,"SILVERADO CREEK","Stream","CK",49.6275737,-126.3700664,"WVI","WVI","WVI+WVI","WEST VANCOUVER ISLAND-NOOTKA AND KYUQUOT_FA_0.x","NoKy",49.91102439,-126.8499923,"Current","32","CK-32",5,41298,"N","Conservation Unit Data-Rev. 4.1f_20-Apr 2017 -",2011-03-08,"930-494700-00000-00000-0000-0000-000-000-000-000-000-000",9.3e+44,"930-491288-000000-000000-000000-000000-000000-000000-000000-000000-000000-000000-000000-000000-000000-000000-000000-000000-000000-000000-000000"
"121",51,1371,"SUCWOA RIVER","Stream","CK",49.80357031,-126.4979411,"WVI","WVI","WVI+WVI","WEST VANCOUVER ISLAND-NOOTKA AND KYUQUOT_FA_0.x","NoKy",49.91102439,-126.8499923,"Current","32","CK-32",5,41458,"Y","Conservation Unit Data-Rev. 4.1f_20-Apr 2017 -",2011-03-08,"930-540600-00000-00000-0000-0000-000-000-000-000-000-000",9.31e+44,"930-538584-000000-000000-000000-000000-000000-000000-000000-000000-000000-000000-000000-000000-000000-000000-000000-000000-000000-000000-000000"
"122",52,1377,"TAHSIS RIVER","Stream","CK",49.92449232,-126.6582803,"WVI","WVI","WVI+WVI","WEST VANCOUVER ISLAND-NOOTKA AND KYUQUOT_FA_0.x","NoKy",49.91102439,-126.8499923,"Current","32","CK-32",5,41518,"Y","Conservation Unit Data-Rev. 4.1f_20-Apr 2017 -",2011-03-08,"930-569100-00000-00000-0000-0000-000-000-000-000-000-000",9.31e+44,"930-566405-000000-000000-000000-000000-000000-000000-000000-000000-000000-000000-000000-000000-000000-000000-000000-000000-000000-000000-000000"
"123",53,1414,"TAHSISH RIVER","Stream","CK",50.14004619,-127.1052922,"WVI","WVI","WVI+WVI","WEST VANCOUVER ISLAND-NOOTKA AND KYUQUOT_FA_0.x","NoKy",49.91102439,-126.8499923,"Current","32","CK-32",5,41883,"Y","Conservation Unit Data-Rev. 4.1f_20-Apr 2017 -",2011-03-08,"930-673300-00000-00000-0000-0000-000-000-000-000-000-000",9.31e+44,"930-673175-000000-000000-000000-000000-000000-000000-000000-000000-000000-000000-000000-000000-000000-000000-000000-000000-000000-000000-000000"
"124",54,1405,"TATCHU CREEK","Stream","CK",49.88262413,-127.1750392,"WVI","WVI","WVI+WVI","WEST VANCOUVER ISLAND-NOOTKA AND KYUQUOT_FA_0.x","NoKy",49.91102439,-126.8499923,"Current","32","CK-32",5,41793,"N","Conservation Unit Data-Rev. 4.1f_20-Apr 2017 -",2011-03-08,"930-635400-00000-00000-0000-0000-000-000-000-000-000-000",9.31e+44,"930-633195-000000-000000-000000-000000-000000-000000-000000-000000-000000-000000-000000-000000-000000-000000-000000-000000-000000-000000-000000"
"125",55,1367,"TLUPANA RIVER","Stream","CK",49.75575706,-126.3850024,"WVI","WVI","WVI+WVI","WEST VANCOUVER ISLAND-NOOTKA AND KYUQUOT_FA_0.x","NoKy",49.91102439,-126.8499923,"Current","32","CK-32",5,41423,"Y","Conservation Unit Data-Rev. 4.1f_20-Apr 2017 -",2011-03-08,"930-534200-00000-00000-0000-0000-000-000-000-000-000-000",9.31e+44,"930-531334-000000-000000-000000-000000-000000-000000-000000-000000-000000-000000-000000-000000-000000-000000-000000-000000-000000-000000-000000"
"126",56,1374,"TSOWWIN RIVER","Stream","CK",49.77804871,-126.6378502,"WVI","WVI","WVI+WVI","WEST VANCOUVER ISLAND-NOOTKA AND KYUQUOT_FA_0.x","NoKy",49.91102439,-126.8499923,"Current","32","CK-32",5,41488,"Y","Conservation Unit Data-Rev. 4.1f_20-Apr 2017 -",2011-03-08,"930-561300-00000-00000-0000-0000-000-000-000-000-000-000",9.31e+44,"930-558779-000000-000000-000000-000000-000000-000000-000000-000000-000000-000000-000000-000000-000000-000000-000000-000000-000000-000000-000000"
"127",57,1397,"ZEBALLOS RIVER","Stream","CK",49.98526738,-126.8513381,"WVI","WVI","WVI+WVI","WEST VANCOUVER ISLAND-NOOTKA AND KYUQUOT_FA_0.x","NoKy",49.91102439,-126.8499923,"Current","32","CK-32",5,41713,"Y","Conservation Unit Data-Rev. 4.1f_20-Apr 2017 -",2011-03-08,"930-582200-00000-00000-0000-0000-000-000-000-000-000-000",9.31e+44,"930-579386-000000-000000-000000-000000-000000-000000-000000-000000-000000-000000-000000-000000-000000-000000-000000-000000-000000-000000-000000"
"128",1,2303,"BENSON RIVER","Stream","CK",50.41941691,-127.3716019,"WVI","WQCI","WVI+WQCI","WEST VANCOUVER ISLAND-NORTH_FA_0.x","NWVI",50.46433456,-127.7063854,"Current","33","CK-33",5,44802,"N","Conservation Unit Data-Rev. 4.1f_20-Apr 2017 -",2011-03-08,"930-865200-42600-00000-0000-0000-000-000-000-000-000-000",9.31e+44,"930-862497-414289-000000-000000-000000-000000-000000-000000-000000-000000-000000-000000-000000-000000-000000-000000-000000-000000-000000-000000"
"129",2,1450,"CAYEGHLE CREEK","Stream","CK",50.33261722,-127.4344802,"WVI","WQCI","WVI+WQCI","WEST VANCOUVER ISLAND-NORTH_FA_0.x","NWVI",50.46433456,-127.7063854,"Current","33","CK-33",5,39908,"N","Conservation Unit Data-Rev. 4.1f_20-Apr 2017 - fixed map to point to system not creek 21Sep12; replaced 447921 when actual pop_id appeared Sept12",2013-07-18,"930-847100-00000-00000-0000-0000-000-000-000-000-000-000",9.31e+44,"930-844739-000000-000000-000000-000000-000000-000000-000000-000000-000000-000000-000000-000000-000000-000000-000000-000000-000000-000000-000000"
"130",3,2302,"CAYEGHLE SYSTEM","Stream","CK",50.33261722,-127.4344802,"WVI","WQCI","WVI+WQCI","WEST VANCOUVER ISLAND-NORTH_FA_0.x","NWVI",50.46433456,-127.7063854,"Current","33","CK-33",5,44792,"Y","Conservation Unit Data-Rev. 4.1f_20-Apr 2017 - fixed 39908 Cayeghle Crk  to point to system (here) 21Sep12",2011-03-08,"930-847100-00000-00000-0000-0000-000-000-000-000-000-000",9.31e+44,"930-844739-000000-000000-000000-000000-000000-000000-000000-000000-000000-000000-000000-000000-000000-000000-000000-000000-000000-000000-000000"
"131",4,1451,"COLONIAL CREEK","Stream","CK",50.33128625,-127.434229,"WVI","WQCI","WVI+WQCI","WEST VANCOUVER ISLAND-NORTH_FA_0.x","NWVI",50.46433456,-127.7063854,"Current","33","CK-33",5,39918,"N","Conservation Unit Data-Rev. 4.1f_20-Apr 2017 - replaced 447920 when actual pop_id appeared Sept12",2013-07-18,"930-847100-01800-00000-0000-0000-000-000-000-000-000-000",9.31e+44,"930-844739-151593-000000-000000-000000-000000-000000-000000-000000-000000-000000-000000-000000-000000-000000-000000-000000-000000-000000-000000"
"132",5,1483,"DENAD CREEK","Stream","CK",50.54025026,-128.0042805,"WVI","WQCI","WVI+WQCI","WEST VANCOUVER ISLAND-NORTH_FA_0.x","NWVI",50.46433456,-127.7063854,"Current","33","CK-33",5,42343,"N","Conservation Unit Data-Rev. 4.1f_20-Apr 2017 -",2011-03-08,"930-947100-00000-00000-0000-0000-000-000-000-000-000-000",9.31e+44,"930-943692-000000-000000-000000-000000-000000-000000-000000-000000-000000-000000-000000-000000-000000-000000-000000-000000-000000-000000-000000"
"133",6,1433,"EAST CREEK","Stream","CK",50.2418389,-127.7246372,"WVI","WQCI","WVI+WQCI","WEST VANCOUVER ISLAND-NORTH_FA_0.x","NWVI",50.46433456,-127.7063854,"Current","33","CK-33",5,39738,"N","Conservation Unit Data-Rev. 4.1f_20-Apr 2017 -",2011-03-08,"930-782400-00000-00000-0000-0000-000-000-000-000-000-000",9.31e+44,"930-782106-000000-000000-000000-000000-000000-000000-000000-000000-000000-000000-000000-000000-000000-000000-000000-000000-000000-000000-000000"
"134",7,1484,"GALATO CREEK","Stream","CK",50.53160415,-128.0231837,"WVI","WQCI","WVI+WQCI","WEST VANCOUVER ISLAND-NORTH_FA_0.x","NWVI",50.46433456,-127.7063854,"Current","33","CK-33",5,42353,"N","Conservation Unit Data-Rev. 4.1f_20-Apr 2017 -",2011-03-08,"930-948100-00000-00000-0000-0000-000-000-000-000-000-000",9.31e+44,"930-944643-000000-000000-000000-000000-000000-000000-000000-000000-000000-000000-000000-000000-000000-000000-000000-000000-000000-000000-000000"
"135",8,1466,"GOODSPEED RIVER","Stream","CK",50.65289692,-128.0155995,"WVI","WQCI","WVI+WQCI","WEST VANCOUVER ISLAND-NORTH_FA_0.x","NWVI",50.46433456,-127.7063854,"Current","33","CK-33",5,42173,"N","Conservation Unit Data-Rev. 4.1f_20-Apr 2017 -",2011-03-08,"930-894800-00000-00000-0000-0000-000-000-000-000-000-000",9.31e+44,"930-892634-000000-000000-000000-000000-000000-000000-000000-000000-000000-000000-000000-000000-000000-000000-000000-000000-000000-000000-000000"
"136",9,1437,"KEITH RIVER","Stream","CK",50.33751696,-127.8695029,"WVI","WQCI","WVI+WQCI","WEST VANCOUVER ISLAND-NORTH_FA_0.x","NWVI",50.46433456,-127.7063854,"Current","33","CK-33",5,39778,"N","Conservation Unit Data-Rev. 4.1f_20-Apr 2017 -",2011-03-08,"930-805400-00000-00000-0000-0000-000-000-000-000-000-000",9.31e+44,"930-804591-000000-000000-000000-000000-000000-000000-000000-000000-000000-000000-000000-000000-000000-000000-000000-000000-000000-000000-000000"
"137",10,1434,"KLASKISH RIVER","Stream","CK",50.26767076,-127.7147143,"WVI","WQCI","WVI+WQCI","WEST VANCOUVER ISLAND-NORTH_FA_0.x","NWVI",50.46433456,-127.7063854,"Current","33","CK-33",5,39748,"Y","Conservation Unit Data-Rev. 4.1f_20-Apr 2017 -",2011-03-08,"930-784100-00000-00000-0000-0000-000-000-000-000-000-000",9.31e+44,"930-783609-000000-000000-000000-000000-000000-000000-000000-000000-000000-000000-000000-000000-000000-000000-000000-000000-000000-000000-000000"
"138",11,1482,"KLAYINA CREEK","Stream","CK",50.54565938,-127.9767497,"WVI","WQCI","WVI+WQCI","WEST VANCOUVER ISLAND-NORTH_FA_0.x","NWVI",50.46433456,-127.7063854,"Current","33","CK-33",5,42333,"N","Conservation Unit Data-Rev. 4.1f_20-Apr 2017 -",2011-03-08,"930-946100-00000-00000-0000-0000-000-000-000-000-000-000",9.31e+44,"930-942676-000000-000000-000000-000000-000000-000000-000000-000000-000000-000000-000000-000000-000000-000000-000000-000000-000000-000000-000000"
"139",12,1444,"KLOOTCHLIMMIS CREEK","Stream","CK",50.48461794,-127.6661497,"WVI","WQCI","WVI+WQCI","WEST VANCOUVER ISLAND-NORTH_FA_0.x","NWVI",50.46433456,-127.7063854,"Current","33","CK-33",5,39848,"N","Conservation Unit Data-Rev. 4.1f_20-Apr 2017 -",2011-03-08,"930-832000-00000-00000-0000-0000-000-000-000-000-000-000",9.31e+44,"930-830118-000000-000000-000000-000000-000000-000000-000000-000000-000000-000000-000000-000000-000000-000000-000000-000000-000000-000000-000000"
"140",13,1440,"MAHATTA CREEK","Stream","CK",50.45770728,-127.8656155,"WVI","WQCI","WVI+WQCI","WEST VANCOUVER ISLAND-NORTH_FA_0.x","NWVI",50.46433456,-127.7063854,"Current","33","CK-33",5,39808,"N","Conservation Unit Data-Rev. 4.1f_20-Apr 2017 -",2011-03-08,"930-823900-00000-00000-0000-0000-000-000-000-000-000-000",9.31e+44,"930-822430-000000-000000-000000-000000-000000-000000-000000-000000-000000-000000-000000-000000-000000-000000-000000-000000-000000-000000-000000"
"141",14,1455,"MARBLE RIVER","Stream","CK",50.53776312,-127.5187813,"WVI","WQCI","WVI+WQCI","WEST VANCOUVER ISLAND-NORTH_FA_0.x","NWVI",50.46433456,-127.7063854,"Current","33","CK-33",5,39958,"Y","Conservation Unit Data-Rev. 4.1f_20-Apr 2017 -",2011-03-08,"930-865200-00000-00000-0000-0000-000-000-000-000-000-000",9.31e+44,"930-862497-000000-000000-000000-000000-000000-000000-000000-000000-000000-000000-000000-000000-000000-000000-000000-000000-000000-000000-000000"
"142",15,1489,"SAN JOSEF RIVER","Stream","CK",50.67834486,-128.2593904,"WVI","WQCI","WVI+WQCI","WEST VANCOUVER ISLAND-NORTH_FA_0.x","NWVI",50.46433456,-127.7063854,"Current","33","CK-33",5,42403,"N","Conservation Unit Data-Rev. 4.1f_20-Apr 2017 -",2011-03-08,"930-979400-00000-00000-0000-0000-000-000-000-000-000-000",9.31e+44,"930-977264-000000-000000-000000-000000-000000-000000-000000-000000-000000-000000-000000-000000-000000-000000-000000-000000-000000-000000-000000"
"143",16,1460,"STEPHENS CREEK","Stream","CK",50.60205808,-127.5714953,"WVI","WQCI","WVI+WQCI","WEST VANCOUVER ISLAND-NORTH_FA_0.x","NWVI",50.46433456,-127.7063854,"Current","33","CK-33",5,42113,"N","Conservation Unit Data-Rev. 4.1f_20-Apr 2017 -",2011-03-08,"930-879700-00000-00000-0000-0000-000-000-000-000-000-000",9.31e+44,"930-877495-000000-000000-000000-000000-000000-000000-000000-000000-000000-000000-000000-000000-000000-000000-000000-000000-000000-000000-000000"
"144",17,1452,"UTLUH CREEK","Stream","CK",50.3160786,-127.4131215,"WVI","WQCI","WVI+WQCI","WEST VANCOUVER ISLAND-NORTH_FA_0.x","NWVI",50.46433456,-127.7063854,"Current","33","CK-33",5,39928,"N","Conservation Unit Data-Rev. 4.1f_20-Apr 2017 -",2011-03-08,"930-847100-31900-00000-0000-0000-000-000-000-000-000-000",9.31e+44,"930-844739-418251-000000-000000-000000-000000-000000-000000-000000-000000-000000-000000-000000-000000-000000-000000-000000-000000-000000-000000"
"145",18,1462,"WANOKANA CREEK","Stream","CK",50.60590895,-127.7052744,"WVI","WQCI","WVI+WQCI","WEST VANCOUVER ISLAND-NORTH_FA_0.x","NWVI",50.46433456,-127.7063854,"Current","33","CK-33",5,42133,"N","Conservation Unit Data-Rev. 4.1f_20-Apr 2017 -",2011-03-08,"930-884200-00000-00000-0000-0000-000-000-000-000-000-000",9.31e+44,"930-882459-000000-000000-000000-000000-000000-000000-000000-000000-000000-000000-000000-000000-000000-000000-000000-000000-000000-000000-000000"
"146",19,1459,"WASHLAWLIS CREEK","Stream","CK",50.60650289,-127.4180353,"WVI","WQCI","WVI+WQCI","WEST VANCOUVER ISLAND-NORTH_FA_0.x","NWVI",50.46433456,-127.7063854,"Current","33","CK-33",5,42103,"N","Conservation Unit Data-Rev. 4.1f_20-Apr 2017 -",2011-03-08,"930-872200-00000-00000-0000-0000-000-000-000-000-000-000",9.31e+44,"930-869842-000000-000000-000000-000000-000000-000000-000000-000000-000000-000000-000000-000000-000000-000000-000000-000000-000000-000000-000000"
