"","Stage","LF_Number","LF_Name","total_count","VH_total_prop","VH_total_count","H_total_prop","H_total_count","M_total_prop","M_total_count","HPDG_total_prop","HPDG_total_count","L_total_prop","L_total_count","VL_total_prop","VL_total_count","LPDG_total_prop","LPDG_total_count"
"1","Biological Characteristics and Genetics",67,"LF67: Mortality or fitness reduction due changes in biological characteristics such as fecundity, maturation rate, sex ratios, size at age, etc",14,0.357142857142857,5,0.142857142857143,2,0,0,0.428571428571429,6,0,0,0,0,0.0714285714285714,1
"2","Biological Characteristics and Genetics",69,"LF69: Mortality or fitness reduction as a result of rearing in a hatchery environment leading to maladaptation to the wild environment. This is measured in a reduction in PNI.",14,0.214285714285714,3,0.0714285714285714,1,0.214285714285714,3,0.357142857142857,5,0,0,0.142857142857143,2,0,0
"3","Biological Characteristics and Genetics",68,"LF68: Mortality or fitness reduction due to a reduction in natural (wild) genetic influence. This is measured by the stray rate (pHOSstray) into the system, or by the frequency and magnitude of direct transplanting.",14,0.142857142857143,2,0.0714285714285714,1,0,0,0.642857142857143,9,0.0714285714285714,1,0.0714285714285714,1,0,0
"4","Biological Characteristics and Genetics",70,"LF70: Mortality or fitness reduction due to negative effects of small population size - including inbreeding depression and gene flow",14,0,0,0.0714285714285714,1,0.142857142857143,2,0.642857142857143,9,0.0714285714285714,1,0.0714285714285714,1,0,0
